{"inputs":[["bcffffef93f5e1439170b97948e833285d588181b64550b829a031e1724e6430","7d00000000000000000000000000000000000000000000000000000000000000","f8ffffef93f5e1439170b97948e833285d588181b64550b829a031e1724e6430","c4ffffef93f5e1439170b97948e833285d588181b64550b829a031e1724e6430","2500000000000000000000000000000000000000000000000000000000000000"]],"pretty_elements":{"rescaled_inputs":[["-0.5390625","0.9765625","-0.0703125","-0.4765625","0.2890625"]],"inputs":[["0x30644e72e131a029b85045b68181585d2833e84879b9709143e1f593efffffbc","0x000000000000000000000000000000000000000000000000000000000000007d","0x30644e72e131a029b85045b68181585d2833e84879b9709143e1f593effffff8","0x30644e72e131a029b85045b68181585d2833e84879b9709143e1f593efffffc4","0x0000000000000000000000000000000000000000000000000000000000000025"]],"processed_inputs":[],"processed_params":[],"processed_outputs":[],"rescaled_outputs":[["0.046875"]],"outputs":[["0x0000000000000000000000000000000000000000000000000000000000000006"]]},"outputs":[["0600000000000000000000000000000000000000000000000000000000000000"]],"processed_inputs":null,"processed_params":null,"processed_outputs":null,"max_lookup_inputs":56,"min_lookup_inputs":-55,"max_range_size":128}